{"7coB4mobA7zpc70vTp8ojA==":"whatsapp-image-2025-11-15-at-20.47.28.jpeg","bBZaBcTIXJ6x9QY89vLOHw==":"whatsapp%20image%202025-11-15%20at%2020.47.28-960x1280.jpg","E0H31UC2VVoHzUpoMMiz6w==":"shri%20chennakeshava%20temple%20image-496x1020.jpg","QioUzIi3WECWXBX2uVDHOg==":"whatsapp%20image%202025-10-25%20at%2015.19.12-853x1280.jpg","Is/r4kXte+8ZYhnU6Wb+lA==":"shri%20chennakeshava%20image6-496x1020.jpg","jM0R6IC/VVGYeFpUtP67HA==":"shri%20chennakeshava-496x496.jpg","Xr1XMeBRjv24blfhJdMpwQ==":"shri%20chennakeshava%20image3-423x639.jpg","jmIdbSyDQ+lWown2XZuhjw==":"ba4ceb8a0804c39ffbdd75471fe53109-735x752.jpg","yzWVUSziQGxgQAbom+1Pxg==":"hd-wallpaper-black-stone-wall-black-stone-texture-black-backgrounds-stone-textures-stone-backgrounds-black-stone-800x500.jpg","saXIPyzshnA8d399XVWlsA==":"download%20(37)-159x318.jpg","QGtXFt/xbkbfeDo4sC71Jw==":"shri%20chennakeshava-423x423.jpg","giam0aIYd97ZQYVWiGC7RA==":"shri%20chennakeshava%20image2-423x564.jpg","jqEo8RPP5/g7krcbWzM2sQ==":"shri%20chennakeshava%20image4-423x564.jpg","jqNitMmCgSt4Ad2M7LBypw==":"untitled%20design%20(4)-1080x1350.png","wU44tea8zG7184fWlN3Z/Q==":"pngtree-yellow-texture-background-simple-picture-image-1323851-1200x857.jpg","QxSA1BI8Y0t9GPjStb6eDQ==":"chennakeshava%20qr-532x526.png","KnzRZYo7luLZ9mXxh0Id6A==":"silver%20background-1117x402.png"}